num_neurons,membrane_threshold,currents_period,external_current,number_of_external_current,leak_coefficient,simulation_duration,refractory_period,guessed_critical_weight,observed_critical_synaptic_mean_weight,theoretical_critical_synaptic_mean_weight,error
1000,10.0,1,2.0,10,0.0001,2000,1,0.5,0.011130348273897795,0.010006006006006006,0.10101591075353204
1000,20.0,1,2.0,10,0.0001,2000,1,0.5,0.020671111845382763,0.020016016016016016,0.031691368817835186
1000,30.0,1,2.0,10,0.0001,2000,1,0.5,0.03532477525301788,0.030026026026026026,0.15000093246280935
1000,40.0,1,2.0,10,0.0001,2000,1,0.5,0.042264935831766194,0.04003603603603603,0.052736381869883914
1000,50.0,1,2.0,10,0.0001,2000,1,0.5,0.05680711882348153,0.050046046046046046,0.11901805473437878
1000,60.0,1,2.0,10,0.0001,2000,1,0.5,0.07140190023646109,0.06005605605605605,0.1589011516896763
1000,70.0,1,2.0,10,0.0001,2000,1,0.5,0.08478015640077566,0.07006606606606607,0.17355582909227768
1000,80.0,1,2.0,10,0.0001,2000,1,0.5,0.08578517241087313,0.08007607607607607,0.06655108539565566
1000,90.0,1,2.0,10,0.0001,2000,1,0.5,0.10573221946637999,0.09008608608608608,0.14797886074139363
1000,100.0,1,2.0,10,0.0001,2000,1,0.5,0.11472657157867805,0.1000960960960961,0.12752473364506106
1000,110.0,1,2.0,10,0.0001,2000,1,0.5,0.1345453053970597,0.1101061061061061,0.18164289879034065
1000,120.0,1,2.0,10,0.0001,2000,1,0.5,0.14524993145331766,0.12011611611611611,0.17303839723517794
1000,130.0,1,2.0,10,0.0001,2000,1,0.5,0.1429325924939695,0.13012612612612615,0.0895979436487425
1000,140.0,1,2.0,10,0.0001,2000,1,0.5,0.1540315372338093,0.14013613613613615,0.09021140311403167
1000,150.0,1,2.0,10,0.0001,2000,1,0.5,0.17755562433750297,0.15014614614614616,0.15437121912430135
1000,160.0,1,2.0,10,0.0001,2000,1,0.5,0.19367874079429567,0.16015615615615617,0.173083449947372
1000,170.0,1,2.0,10,0.0001,2000,1,0.5,0.205007824255911,0.17016616616616617,0.16995282114819202
1000,180.0,1,2.0,10,0.0001,2000,1,0.5,0.21202502899167572,0.18017617617617618,0.15021270350468838
1000,190.0,1,2.0,10,0.0001,2000,1,0.5,0.23084135826331414,0.19018618618618618,0.17611736641557
1000,200.0,1,2.0,10,0.0001,2000,1,0.5,0.24319614366833536,0.20019619619619622,0.1768117981787629
1000,10.0,1,2.5,10,0.0001,2000,1,0.5,0.010271917784686653,0.010005005005005004,0.025984707556709744
1000,20.0,1,2.5,10,0.0001,2000,1,0.5,0.021482385110810267,0.020015015015015014,0.06830573459261047
1000,30.0,1,2.5,10,0.0001,2000,1,0.5,0.03641561502235891,0.030025025025025024,0.175490376680721
1000,40.0,1,2.5,10,0.0001,2000,1,0.5,0.0468388210837459,0.040035035035035034,0.14525954947811295
1000,50.0,1,2.5,10,0.0001,2000,1,0.5,0.0542745650117224,0.05004504504504505,0.07792821491547366
1000,60.0,1,2.5,10,0.0001,2000,1,0.5,0.07279965642763832,0.060055055055055054,0.17506403186464475
1000,70.0,1,2.5,10,0.0001,2000,1,0.5,0.07119830754069544,0.07006506506506507,0.01591670525289697
1000,80.0,1,2.5,10,0.0001,2000,1,0.5,0.0949849972415171,0.08007507507507508,0.15697133862657023
1000,90.0,1,2.5,10,0.0001,2000,1,0.5,0.0945651825901063,0.09008508508508509,0.04737576116613906
1000,100.0,1,2.5,10,0.0001,2000,1,0.5,0.11864734473771946,0.10009509509509511,0.1563646424927229
1000,110.0,1,2.5,10,0.0001,2000,1,0.5,0.13044393629437862,0.11010510510510511,0.15592009691714576
1000,120.0,1,2.5,10,0.0001,2000,1,0.5,0.14242714879129947,0.12011511511511512,0.15665576307280077
1000,130.0,1,2.5,10,0.0001,2000,1,0.5,0.16053339986058504,0.13012512512512514,0.18942023754475962
1000,140.0,1,2.5,10,0.0001,2000,1,0.5,0.17092042297823984,0.14013513513513515,0.18011474174168185
1000,150.0,1,2.5,10,0.0001,2000,1,0.5,0.17479083047546234,0.15014514514514515,0.14100101969466314
1000,160.0,1,2.5,10,0.0001,2000,1,0.5,0.19035100049814116,0.16015515515515516,0.15863244881279662
1000,170.0,1,2.5,10,0.0001,2000,1,0.5,0.1973605627613438,0.17016516516516517,0.13779550086237033
1000,180.0,1,2.5,10,0.0001,2000,1,0.5,0.20432409751049116,0.18017517517517517,0.11818930135774143
1000,190.0,1,2.5,10,0.0001,2000,1,0.5,0.22971904305886043,0.19018518518518518,0.17209656346838242
1000,200.0,1,2.5,10,0.0001,2000,1,0.5,0.23895640583097222,0.2001951951951952,0.1622103851996965
1000,10.0,1,3.0,10,0.0001,2000,1,0.5,0.010945589857851809,0.010004004004004004,0.08602422218226632
1000,20.0,1,3.0,10,0.0001,2000,1,0.5,0.02252615004527595,0.020014014014014012,0.11152087801123252
1000,30.0,1,3.0,10,0.0001,2000,1,0.5,0.03579527086532798,0.030024024024024022,0.16122931051470554
1000,40.0,1,3.0,10,0.0001,2000,1,0.5,0.04843790802162866,0.040034034034034036,0.1734978724482093
1000,50.0,1,3.0,10,0.0001,2000,1,0.5,0.051647027392772646,0.05004404404404405,0.031037281904687398
1000,60.0,1,3.0,10,0.0001,2000,1,0.5,0.07369926267081801,0.060054054054054055,0.18514715239026291
1000,70.0,1,3.0,10,0.0001,2000,1,0.5,0.0779463425494072,0.07006406406406407,0.10112441748433365
1000,80.0,1,3.0,10,0.0001,2000,1,0.5,0.08539371675245835,0.08007407407407408,0.06229548122146978
1000,90.0,1,3.0,10,0.0001,2000,1,0.5,0.10282141458699588,0.09008408408408408,0.12387818776928913
1000,100.0,1,3.0,10,0.0001,2000,1,0.5,0.11971390924955162,0.1000940940940941,0.1638891861309007
1000,110.0,1,3.0,10,0.0001,2000,1,0.5,0.12442078445490919,0.11010410410410411,0.11506662985229389
1000,120.0,1,3.0,10,0.0001,2000,1,0.5,0.1475724023813424,0.12011411411411411,0.1860665532588757
1000,130.0,1,3.0,10,0.0001,2000,1,0.5,0.1531042464776057,0.13012412412412414,0.15009461123498513
1000,140.0,1,3.0,10,0.0001,2000,1,0.5,0.1699201653677604,0.14013413413413414,0.17529426933619066
1000,150.0,1,3.0,10,0.0001,2000,1,0.5,0.18098670563014602,0.15014414414414415,0.17041340897728668
1000,160.0,1,3.0,10,0.0001,2000,1,0.5,0.17647263263037605,0.16015415415415415,0.09247030677216185
1000,170.0,1,3.0,10,0.0001,2000,1,0.5,0.20268422702379307,0.17016416416416416,0.16044693431330198
1000,180.0,1,3.0,10,0.0001,2000,1,0.5,0.20963172531268612,0.18017417417417417,0.14052048226275457
1000,190.0,1,3.0,10,0.0001,2000,1,0.5,0.19693563793335184,0.19018418418418417,0.034282539310901826
1000,200.0,1,3.0,10,0.0001,2000,1,0.5,0.2405768196061823,0.2001941941941942,0.1678575079597999
1000,10.0,1,3.5,10,0.0001,2000,1,0.5,0.011381361131960756,0.010003003003003002,0.12110661571814067
1000,20.0,1,3.5,10,0.0001,2000,1,0.5,0.022802891380600654,0.020013013013013014,0.12234757079802182
1000,30.0,1,3.5,10,0.0001,2000,1,0.5,0.03512478148482121,0.030023023023023024,0.14524669609696667
1000,40.0,1,3.5,10,0.0001,2000,1,0.5,0.04833245110419368,0.04003303303303303,0.17171523234501407
1000,50.0,1,3.5,10,0.0001,2000,1,0.5,0.05451068817220757,0.050043043043043044,0.0819590667256035
1000,60.0,1,3.5,10,0.0001,2000,1,0.5,0.0724798626704994,0.06005305305305305,0.1714518924234149
1000,70.0,1,3.5,10,0.0001,2000,1,0.5,0.08624084031186083,0.07006306306306306,0.18758835361872989
1000,80.0,1,3.5,10,0.0001,2000,1,0.5,0.08213046396019587,0.08007307307307307,0.025050277179974323
1000,90.0,1,3.5,10,0.0001,2000,1,0.5,0.09471294504582162,0.09008308308308308,0.04888309576371676
1000,100.0,1,3.5,10,0.0001,2000,1,0.5,0.11094042669751569,0.1000930930930931,0.09777620230358734
1000,110.0,1,3.5,10,0.0001,2000,1,0.5,0.12912556650211424,0.1101031031031031,0.14731756006429345
1000,120.0,1,3.5,10,0.0001,2000,1,0.5,0.14756490129300046,0.12011311311311311,0.18603196247446332
1000,130.0,1,3.5,10,0.0001,2000,1,0.5,0.1594475090437541,0.13012312312312313,0.18391247437163816
1000,140.0,1,3.5,10,0.0001,2000,1,0.5,0.16940581005421487,0.14013313313313314,0.17279618043627673
1000,150.0,1,3.5,10,0.0001,2000,1,0.5,0.16374043328915647,0.15014314314314314,0.08304173790722337
1000,160.0,1,3.5,10,0.0001,2000,1,0.5,0.1968813062171714,0.16015315315315315,0.18654972262071942
1000,170.0,1,3.5,10,0.0001,2000,1,0.5,0.20901585980758441,0.17016316316316316,0.18588396440436736
1000,180.0,1,3.5,10,0.0001,2000,1,0.5,0.19909409347547335,0.18017317317317316,0.0950350659429838
1000,190.0,1,3.5,10,0.0001,2000,1,0.5,0.2244576422484293,0.19018318318318317,0.1526990069124544
1000,200.0,1,3.5,10,0.0001,2000,1,0.5,0.2346817051959897,0.2001931931931932,0.14695867312705138
1000,10.0,1,4.0,10,0.0001,2000,1,0.5,0.010666865332481533,0.010002002002002002,0.062329776345349
1000,20.0,1,4.0,10,0.0001,2000,1,0.5,0.022785418806750675,0.020012012012012012,0.12171849103414245
1000,30.0,1,4.0,10,0.0001,2000,1,0.5,0.034455267930714774,0.030022022022022022,0.12866670831315125
1000,40.0,1,4.0,10,0.0001,2000,1,0.5,0.04770135411661534,0.04003203203203203,0.160777869446518
1000,50.0,1,4.0,10,0.0001,2000,1,0.5,0.0550557936432095,0.050042042042042045,0.09106673920022297
1000,60.0,1,4.0,10,0.0001,2000,1,0.5,0.06521356644840302,0.06005205205205205,0.07914786259136375
1000,70.0,1,4.0,10,0.0001,2000,1,0.5,0.07817538871389056,0.07006206206206206,0.10378364323229627
1000,80.0,1,4.0,10,0.0001,2000,1,0.5,0.09649956457517034,0.08007207207207206,0.17023385105848574
1000,90.0,1,4.0,10,0.0001,2000,1,0.5,0.10517918591918757,0.09008208208208207,0.14353699075694568
1000,100.0,1,4.0,10,0.0001,2000,1,0.5,0.11694164788250906,0.10009209209209209,0.1440851578160218
1000,110.0,1,4.0,10,0.0001,2000,1,0.5,0.13364439940001657,0.1101021021021021,0.17615625797717907
1000,120.0,1,4.0,10,0.0001,2000,1,0.5,0.12407719443027881,0.1201121121121121,0.03195657619736688
1000,130.0,1,4.0,10,0.0001,2000,1,0.5,0.15439020904521072,0.13012212212212212,0.15718669644382743
1000,140.0,1,4.0,10,0.0001,2000,1,0.5,0.1720033608221023,0.14013213213213213,0.18529422063405832
1000,150.0,1,4.0,10,0.0001,2000,1,0.5,0.18420935359432208,0.15014214214214214,0.18493746808973116
1000,160.0,1,4.0,10,0.0001,2000,1,0.5,0.1838277732412491,0.16015215215215214,0.12879240536752795
1000,170.0,1,4.0,10,0.0001,2000,1,0.5,0.19081481759296143,0.17016216216216215,0.10823402339148891
1000,180.0,1,4.0,10,0.0001,2000,1,0.5,0.21470755289826454,0.18017217217217216,0.160848466949164
1000,190.0,1,4.0,10,0.0001,2000,1,0.5,0.23354294656945215,0.19018218218218216,0.1856650565739743
1000,200.0,1,4.0,10,0.0001,2000,1,0.5,0.24341474330513077,0.2001921921921922,0.1775675151227683
1000,10.0,1,4.5,10,0.0001,2000,1,0.5,0.011012327738889714,0.010001001001001,0.09183587356533558
1000,20.0,1,4.5,10,0.0001,2000,1,0.5,0.02318825571694873,0.02001101101101101,0.13701956476249366
1000,30.0,1,4.5,10,0.0001,2000,1,0.5,0.03495972423408114,0.03002102102102102,0.1412683687088565
1000,40.0,1,4.5,10,0.0001,2000,1,0.5,0.047028213470085865,0.040031031031031034,0.14878690732119057
1000,50.0,1,4.5,10,0.0001,2000,1,0.5,0.0551406759239781,0.05004104104104105,0.09248408361855903
1000,60.0,1,4.5,10,0.0001,2000,1,0.5,0.07187604950279855,0.06005105105105105,0.16451931531500047
1000,70.0,1,4.5,10,0.0001,2000,1,0.5,0.08439105345212536,0.07006106106106107,0.16980463929382786
1000,80.0,1,4.5,10,0.0001,2000,1,0.5,0.09347365201124921,0.08007107107107107,0.14338351665734841
1000,90.0,1,4.5,10,0.0001,2000,1,0.5,0.10118563928645774,0.09008108108108108,0.10974440922332393
1000,100.0,1,4.5,10,0.0001,2000,1,0.5,0.11756653410349385,0.1000910910910911,0.14864300581506568
1000,110.0,1,4.5,10,0.0001,2000,1,0.5,0.12963179089731158,0.1101011011011011,0.1506628093388126
1000,120.0,1,4.5,10,0.0001,2000,1,0.5,0.14751870498513034,0.12011111111111111,0.1857906350030789
1000,130.0,1,4.5,10,0.0001,2000,1,0.5,0.1544352711762329,0.13012112112112112,0.15743909969482187
1000,140.0,1,4.5,10,0.0001,2000,1,0.5,0.1646080202499978,0.14013113113113113,0.14869803477189317
1000,150.0,1,4.5,10,0.0001,2000,1,0.5,0.17083128771469955,0.15014114114114113,0.12111450338132695
1000,160.0,1,4.5,10,0.0001,2000,1,0.5,0.18880966067708171,0.16015115115115114,0.15178518632552807
1000,170.0,1,4.5,10,0.0001,2000,1,0.5,0.20582533193842042,0.17016116116116115,0.17327396215704594
1000,180.0,1,4.5,10,0.0001,2000,1,0.5,0.2147866904473801,0.18017117117117115,0.1611623104025121
1000,190.0,1,4.5,10,0.0001,2000,1,0.5,0.22903695834034618,0.19018118118118116,0.16964850319670158
1000,200.0,1,4.5,10,0.0001,2000,1,0.5,0.2425488279714019,0.2001911911911912,0.1746355038466933
1000,10.0,1,5.0,10,0.0001,2000,1,0.5,0.011030991928119325,0.01,0.09346321118150783
1000,20.0,1,5.0,10,0.0001,2000,1,0.5,0.02258903402404961,0.02001001001001001,0.11417150513358923
1000,30.0,1,5.0,10,0.0001,2000,1,0.5,0.03444648560642564,0.03002002002002002,0.12850267620856823
1000,40.0,1,5.0,10,0.0001,2000,1,0.5,0.04640462313943269,0.04003003003003003,0.13736978512353867
1000,50.0,1,5.0,10,0.0001,2000,1,0.5,0.053231363429420656,0.05004004004004004,0.059951937800954175
1000,60.0,1,5.0,10,0.0001,2000,1,0.5,0.07144618440401385,0.06005005005005005,0.15950654956632734
1000,70.0,1,5.0,10,0.0001,2000,1,0.5,0.08458004542438133,0.07006006006006006,0.17167152478420977
1000,80.0,1,5.0,10,0.0001,2000,1,0.5,0.0953499544762195,0.08007007007007007,0.1602505684463674
1000,90.0,1,5.0,10,0.0001,2000,1,0.5,0.10997716878756436,0.09008008008008007,0.18092017576773758
1000,100.0,1,5.0,10,0.0001,2000,1,0.5,0.11809065410466635,0.1000900900900901,0.15243004750081202
1000,110.0,1,5.0,10,0.0001,2000,1,0.5,0.1326022281195577,0.1101001001001001,0.16969645486778015
1000,120.0,1,5.0,10,0.0001,2000,1,0.5,0.14621389114085806,0.12011011011011011,0.17853147075882383
1000,130.0,1,5.0,10,0.0001,2000,1,0.5,0.15939354639814723,0.13012012012012014,0.18365502832156924
1000,140.0,1,5.0,10,0.0001,2000,1,0.5,0.15648404046511957,0.14013013013013015,0.10450848716827915
1000,150.0,1,5.0,10,0.0001,2000,1,0.5,0.18370964135825968,0.15014014014014015,0.1827312979869917
1000,160.0,1,5.0,10,0.0001,2000,1,0.5,0.16433508133734556,0.16015015015015016,0.025465841822322845
1000,170.0,1,5.0,10,0.0001,2000,1,0.5,0.20966960514505742,0.17016016016016017,0.1884366833121239
1000,180.0,1,5.0,10,0.0001,2000,1,0.5,0.21337486882083148,0.18017017017017017,0.1556167267221283
1000,190.0,1,5.0,10,0.0001,2000,1,0.5,0.2244165692335911,0.19018018018018018,0.15255731415167875
1000,200.0,1,5.0,10,0.0001,2000,1,0.5,0.24538599273034786,0.20019019019019021,0.18418248750580823
1000,10.0,1,5.5,10,0.0001,2000,1,0.5,0.010920411640364232,0.009998998998998998,0.08437526640108424
1000,20.0,1,5.5,10,0.0001,2000,1,0.5,0.022478629197416188,0.02000900900900901,0.10986524875329358
1000,30.0,1,5.5,10,0.0001,2000,1,0.5,0.03337017267605757,0.03001901901901902,0.10042362350264174
1000,40.0,1,5.5,10,0.0001,2000,1,0.5,0.04540429660721984,0.04002902902902903,0.11838676028153858
1000,50.0,1,5.5,10,0.0001,2000,1,0.5,0.05395404525624959,0.05003903903903904,0.07256186628113978
1000,60.0,1,5.5,10,0.0001,2000,1,0.5,0.06607506094897056,0.06004904904904905,0.09119949060017317
1000,70.0,1,5.5,10,0.0001,2000,1,0.5,0.0829393821338537,0.07005905905905906,0.15529803506381837
1000,80.0,1,5.5,10,0.0001,2000,1,0.5,0.09640134433473856,0.08006906906906906,0.16941957996932314
1000,90.0,1,5.5,10,0.0001,2000,1,0.5,0.10044344593203908,0.09007907907907907,0.10318609399335653
1000,100.0,1,5.5,10,0.0001,2000,1,0.5,0.10500790745040164,0.10008908908908909,0.046842361501545575
1000,110.0,1,5.5,10,0.0001,2000,1,0.5,0.13449689143304813,0.1100990990990991,0.18140041806166304
1000,120.0,1,5.5,10,0.0001,2000,1,0.5,0.1469411959700696,0.1201091091091091,0.18260424984172527
1000,130.0,1,5.5,10,0.0001,2000,1,0.5,0.15280860534776955,0.13011911911911914,0.14848303979355437
1000,140.0,1,5.5,10,0.0001,2000,1,0.5,0.17107547936397688,0.14012912912912914,0.1808929622754812
1000,150.0,1,5.5,10,0.0001,2000,1,0.5,0.18394580014886786,0.15013913913913915,0.18378599012518296
1000,160.0,1,5.5,10,0.0001,2000,1,0.5,0.19533115430205694,0.16014914914914916,0.18011466362658618
1000,170.0,1,5.5,10,0.0001,2000,1,0.5,0.20708520686745294,0.17015915915915916,0.1783133052663133
1000,180.0,1,5.5,10,0.0001,2000,1,0.5,0.21898771179608514,0.18016916916916917,0.1772635656518602
1000,190.0,1,5.5,10,0.0001,2000,1,0.5,0.23189984438916164,0.19017917917917918,0.17990812076600243
1000,200.0,1,5.5,10,0.0001,2000,1,0.5,0.2426116855111113,0.2001891891891892,0.17485759695601805
1000,10.0,1,6.0,10,0.0001,2000,1,0.5,0.010634597541971826,0.009997997997997998,0.059861178710463155
1000,20.0,1,6.0,10,0.0001,2000,1,0.5,0.021468282565222818,0.020008008008008008,0.06802009209532006
1000,30.0,1,6.0,10,0.0001,2000,1,0.5,0.03460371405662313,0.030018018018018018,0.13252034250142616
1000,40.0,1,6.0,10,0.0001,2000,1,0.5,0.042412482762579425,0.040028028028028025,0.056220588356011236
1000,50.0,1,6.0,10,0.0001,2000,1,0.5,0.05552902748166931,0.05003803803803804,0.09888502811333952
1000,60.0,1,6.0,10,0.0001,2000,1,0.5,0.07018877243973393,0.060048048048048044,0.1444778707362776
1000,70.0,1,6.0,10,0.0001,2000,1,0.5,0.08478424853378036,0.07005805805805806,0.17369016922824973
1000,80.0,1,6.0,10,0.0001,2000,1,0.5,0.09673391241568852,0.08006806806806807,0.17228543673498253
1000,90.0,1,6.0,10,0.0001,2000,1,0.5,0.10348686363404513,0.09007807807807808,0.1295699288306176
1000,100.0,1,6.0,10,0.0001,2000,1,0.5,0.12043945096536769,0.1000880880880881,0.1689758855105676
1000,110.0,1,6.0,10,0.0001,2000,1,0.5,0.1340844682590849,0.1100980980980981,0.17888999727126562
1000,120.0,1,6.0,10,0.0001,2000,1,0.5,0.13756897280807368,0.12010810810810811,0.12692443901813313
1000,130.0,1,6.0,10,0.0001,2000,1,0.5,0.1585219838801013,0.13011811811811813,0.17917934829447088
1000,140.0,1,6.0,10,0.0001,2000,1,0.5,0.16309606759895717,0.14012812812812814,0.14082460606779149
1000,150.0,1,6.0,10,0.0001,2000,1,0.5,0.18450722866495936,0.15013813813813814,0.18627503526829794
1000,160.0,1,6.0,10,0.0001,2000,1,0.5,0.18562385692051342,0.16014814814814815,0.13724372068873833
1000,170.0,1,6.0,10,0.0001,2000,1,0.5,0.20423038282458822,0.17015815815815816,0.16683230083201878
1000,180.0,1,6.0,10,0.0001,2000,1,0.5,0.18753586510198303,0.18016816816816816,0.03928686883337367
1000,190.0,1,6.0,10,0.0001,2000,1,0.5,0.19260152295173624,0.19017817817817817,0.012582168284127927
1000,200.0,1,6.0,10,0.0001,2000,1,0.5,0.22448643637000698,0.2001881881881882,0.10823927082066326
1000,10.0,1,6.5,10,0.0001,2000,1,0.5,0.010663246234258768,0.009996996996996996,0.062480901465189184
1000,20.0,1,6.5,10,0.0001,2000,1,0.5,0.023115380816664702,0.020007007007007006,0.13447210038680213
1000,30.0,1,6.5,10,0.0001,2000,1,0.5,0.03419515945236523,0.030017017017017016,0.12218520112966512
1000,40.0,1,6.5,10,0.0001,2000,1,0.5,0.04534423868218654,0.040027027027027026,0.1172632248261426
1000,50.0,1,6.5,10,0.0001,2000,1,0.5,0.053550082619143353,0.05003703703703704,0.06560299088783203
1000,60.0,1,6.5,10,0.0001,2000,1,0.5,0.07092059924446109,0.060047047047047046,0.15332008349130344
1000,70.0,1,6.5,10,0.0001,2000,1,0.5,0.08415459682147233,0.07005705705705706,0.16751954494324472
1000,80.0,1,6.5,10,0.0001,2000,1,0.5,0.09670160736050926,0.08006706706706707,0.1720192740067665
1000,90.0,1,6.5,10,0.0001,2000,1,0.5,0.10854396593435167,0.09007707707707707,0.1701328000899058
1000,100.0,1,6.5,10,0.0001,2000,1,0.5,0.1184953085257941,0.10008708708708709,0.15534979120882153
1000,110.0,1,6.5,10,0.0001,2000,1,0.5,0.12457082177843387,0.1100970970970971,0.11618872280605372
1000,120.0,1,6.5,10,0.0001,2000,1,0.5,0.13154687647127558,0.1201071071071071,0.08696344353464333
1000,130.0,1,6.5,10,0.0001,2000,1,0.5,0.15515360790603763,0.13011711711711713,0.1613658304619176
1000,140.0,1,6.5,10,0.0001,2000,1,0.5,0.16914956944864232,0.14012712712712713,0.17157857638134316
1000,150.0,1,6.5,10,0.0001,2000,1,0.5,0.16713667115639805,0.15013713713713714,0.10171037810938334
1000,160.0,1,6.5,10,0.0001,2000,1,0.5,0.190860137526687,0.16014714714714715,0.1609188318605577
1000,170.0,1,6.5,10,0.0001,2000,1,0.5,0.2008038518978243,0.17015715715715715,0.1526200541026534
1000,180.0,1,6.5,10,0.0001,2000,1,0.5,0.21914925830678053,0.18016716716716716,0.17787918353364218
1000,190.0,1,6.5,10,0.0001,2000,1,0.5,0.2212068346087032,0.19017717717717716,0.14027440646856573
1000,200.0,1,6.5,10,0.0001,2000,1,0.5,0.2443410752919847,0.2001871871871872,0.18070595806306464
1000,10.0,1,7.0,10,0.0001,2000,1,0.5,0.011148877669709786,0.009995995995995996,0.10340786829566134
1000,20.0,1,7.0,10,0.0001,2000,1,0.5,0.02284234083186098,0.020006006006006005,0.12417005974706385
1000,30.0,1,7.0,10,0.0001,2000,1,0.5,0.032311717202141786,0.030016016016016014,0.0710485664306817
1000,40.0,1,7.0,10,0.0001,2000,1,0.5,0.04414967429017076,0.04002602602602603,0.09340155574064564
1000,50.0,1,7.0,10,0.0001,2000,1,0.5,0.052218140211231626,0.05003603603603604,0.04178823999415886
1000,60.0,1,7.0,10,0.0001,2000,1,0.5,0.07028517049344124,0.06004604604604605,0.1456797269681614
1000,70.0,1,7.0,10,0.0001,2000,1,0.5,0.08349660574518775,0.07005605605605605,0.16097121037649278
1000,80.0,1,7.0,10,0.0001,2000,1,0.5,0.09625814271162987,0.08006606606606606,0.16821513681260225
1000,90.0,1,7.0,10,0.0001,2000,1,0.5,0.10760143794683337,0.09007607607607607,0.16287293371875483
1000,100.0,1,7.0,10,0.0001,2000,1,0.5,0.10771073322264567,0.10008608608608609,0.07078818339114727
1000,110.0,1,7.0,10,0.0001,2000,1,0.5,0.13440828058943496,0.1100960960960961,0.18088308537777625
1000,120.0,1,7.0,10,0.0001,2000,1,0.5,0.14191818267235531,0.1201061061061061,0.1536947285789762
1000,130.0,1,7.0,10,0.0001,2000,1,0.5,0.15012353828768493,0.13011611611611612,0.13327305231261044
1000,140.0,1,7.0,10,0.0001,2000,1,0.5,0.16993257607837345,0.14012612612612613,0.17540162480971566
1000,150.0,1,7.0,10,0.0001,2000,1,0.5,0.1728934509269989,0.15013613613613613,0.1316262395645722
1000,160.0,1,7.0,10,0.0001,2000,1,0.5,0.18205467008512508,0.16014614614614614,0.12034035671117337
1000,170.0,1,7.0,10,0.0001,2000,1,0.5,0.2052271936839045,0.17015615615615615,0.1708888422543337
1000,180.0,1,7.0,10,0.0001,2000,1,0.5,0.22005586766391652,0.18016616616616615,0.18127079237292817
1000,190.0,1,7.0,10,0.0001,2000,1,0.5,0.22942105662647508,0.19017617617617616,0.17106049909880014
1000,200.0,1,7.0,10,0.0001,2000,1,0.5,0.24237446569563015,0.2001861861861862,0.1740623930345175
1000,10.0,1,7.5,10,0.0001,2000,1,0.5,0.011208714909798636,0.009994994994994994,0.10828359223791209
1000,20.0,1,7.5,10,0.0001,2000,1,0.5,0.023608442603356004,0.020005005005005006,0.15263343113699332
1000,30.0,1,7.5,10,0.0001,2000,1,0.5,0.0338884453844209,0.030015015015015016,0.11429944116547074
1000,40.0,1,7.5,10,0.0001,2000,1,0.5,0.04614882471452069,0.04002502502502502,0.13269676372860736
1000,50.0,1,7.5,10,0.0001,2000,1,0.5,0.05736008030000457,0.050035035035035036,0.12770284188338124
1000,60.0,1,7.5,10,0.0001,2000,1,0.5,0.06886622408211786,0.06004504504504504,0.12809151590123796
1000,70.0,1,7.5,10,0.0001,2000,1,0.5,0.08228599287518268,0.07005505505505506,0.14863936610305453
1000,80.0,1,7.5,10,0.0001,2000,1,0.5,0.09531442017276345,0.08006506506506507,0.15999001074609653
1000,90.0,1,7.5,10,0.0001,2000,1,0.5,0.0964737216847333,0.09007507507507508,0.0663252800650562
1000,100.0,1,7.5,10,0.0001,2000,1,0.5,0.11196550166205946,0.1000850850850851,0.10610783143572651
1000,110.0,1,7.5,10,0.0001,2000,1,0.5,0.1328873924885835,0.1100950950950951,0.17151587495741186
1000,120.0,1,7.5,10,0.0001,2000,1,0.5,0.14030411694490189,0.12010510510510511,0.1439659240200986
1000,130.0,1,7.5,10,0.0001,2000,1,0.5,0.15811999682792036,0.13011511511511512,0.17711157522525464
1000,140.0,1,7.5,10,0.0001,2000,1,0.5,0.16439840214520088,0.14012512512512512,0.14764910548605562
1000,150.0,1,7.5,10,0.0001,2000,1,0.5,0.16285166246658853,0.15013513513513513,0.0780865674862999
1000,160.0,1,7.5,10,0.0001,2000,1,0.5,0.19254034359687167,0.16014514514514513,0.1682514835413064
1000,170.0,1,7.5,10,0.0001,2000,1,0.5,0.20244131855276715,0.17015515515515514,0.15948406001513218
1000,180.0,1,7.5,10,0.0001,2000,1,0.5,0.2189341260678231,0.18016516516516515,0.1770804835178952
1000,190.0,1,7.5,10,0.0001,2000,1,0.5,0.2295819851640418,0.19017517517517515,0.1716459153391741
1000,200.0,1,7.5,10,0.0001,2000,1,0.5,0.23667275267227886,0.2001851851851852,0.15416885583621898
1000,10.0,1,8.0,10,0.0001,2000,1,0.5,0.01116802762760339,0.009993993993993994,0.10512452805073674
1000,20.0,1,8.0,10,0.0001,2000,1,0.5,0.023012508533992795,0.020004004004004004,0.13073344548877824
1000,30.0,1,8.0,10,0.0001,2000,1,0.5,0.03198600829214935,0.030014014014014014,0.061651777868742125
1000,40.0,1,8.0,10,0.0001,2000,1,0.5,0.045624855016957094,0.040024024024024024,0.12275832966157253
1000,50.0,1,8.0,10,0.0001,2000,1,0.5,0.05650120839243156,0.05003403403403404,0.11446081495247824
1000,60.0,1,8.0,10,0.0001,2000,1,0.5,0.06887990590505136,0.060044044044044044,0.1282792382612609
1000,70.0,1,8.0,10,0.0001,2000,1,0.5,0.07981270615441907,0.07005405405405406,0.12226940509302224
1000,80.0,1,8.0,10,0.0001,2000,1,0.5,0.09428299760238538,0.08006406406406406,0.15081121623101193
1000,90.0,1,8.0,10,0.0001,2000,1,0.5,0.09545545038366164,0.09007407407407407,0.056375788788993644
1000,100.0,1,8.0,10,0.0001,2000,1,0.5,0.11970978273920099,0.10008408408408409,0.16394398357462006
1000,110.0,1,8.0,10,0.0001,2000,1,0.5,0.13241228504240163,0.1100940940940941,0.16855075751589593
1000,120.0,1,8.0,10,0.0001,2000,1,0.5,0.13608620345286712,0.1201041041041041,0.11744099653936153
1000,130.0,1,8.0,10,0.0001,2000,1,0.5,0.1568762782182454,0.1301141141141141,0.17059407839150748
1000,140.0,1,8.0,10,0.0001,2000,1,0.5,0.17077036938382345,0.14012412412412412,0.17945879821117466
1000,150.0,1,8.0,10,0.0001,2000,1,0.5,0.17917880253210874,0.15013413413413412,0.16209879733273602
1000,160.0,1,8.0,10,0.0001,2000,1,0.5,0.19252138163833285,0.16014414414414413,0.16817476177795154
1000,170.0,1,8.0,10,0.0001,2000,1,0.5,0.20926672072910424,0.17015415415415414,0.18690294586104456
1000,180.0,1,8.0,10,0.0001,2000,1,0.5,0.22056824650263884,0.18016416416416414,0.18318177244062786
1000,190.0,1,8.0,10,0.0001,2000,1,0.5,0.2245943113777885,0.19017417417417415,0.15325471510147243
1000,200.0,1,8.0,10,0.0001,2000,1,0.5,0.23754387467703583,0.20018418418418418,0.15727490571434774
